{
  "features": [
    "Age",
    "SystolicBP",
    "DiastolicBP",
    "BodyTemp",
    "HeartRate"
  ],
  "coef": [
    0.461669005947167,
    0.6972922126963168,
    0.7527218478016282,
    0.8176377993812344,
    0.402004930960484
  ],
  "intercept": -1.4634525319573135,
  "mean": [
    30.229346485819974,
    113.35511713933415,
    76.40073982737361,
    98.63847102342787,
    74.16276202219483
  ],
  "scale": [
    13.563266447906797,
    18.544302479631547,
    13.78238298820877,
    1.3566840077934614,
    8.197659541864882
  ],
  "performance": {
    "accuracy": 0.8325123152709359,
    "roc_auc": 0.8286726323639075
  }
}