{
  "features": [
    "Age",
    "SystolicBP",
    "DiastolicBP",
    "BodyTemp",
    "HeartRate"
  ],
  "coef": [
    0.6371582145117852,
    1.3367329134480648,
    0.3889206179830702,
    1.3501194928960694,
    0.48627882690416907
  ],
  "intercept": -0.6680547826963227,
  "mean": [
    30.704334365325078,
    113.03405572755418,
    77.47523219814242,
    98.61052631578947,
    74.58049535603715
  ],
  "scale": [
    13.776776790544917,
    19.995868411252214,
    14.80759489019578,
    1.346298917634293,
    8.261713163659534
  ],
  "performance": {
    "accuracy": 0.8333333333333334,
    "roc_auc": 0.9061710858585859
  }
}